mutation,position,nucleotide
D,159,-
D,227,-
D,250,-
D,251,-
D,527,-
D,528,-
D,563,-
D,565,-
X,1166,T
X,1323,G
X,1332,T
X,1333,C
D,1455,-
X,1482,C
I,2284,C
X,3500,G
X,3894,C
X,3924,C
X,4186,T
D,6197,-
X,9576,T
X,12711,C
X,15053,G
X,15570,C
X,15577,T
X,16102,T
X,16360,C
X,16812,T
I,16824,A
I,22582,A
I,23057,A
I,24463,C
I,25201,A
I,25730,T
X,26646,C
I,26876,C
X,27051,T
X,27054,T
X,27056,T
I,27174,A
X,27869,C
X,28191,A
X,28602,T
I,28761,A
X,29048,G
I,29196,T
I,31905,C
X,32150,C
X,32582,A
I,33355,C
X,36273,T
X,36867,G
D,39362,-
X,39804,T
D,40433,-
X,40494,A
X,41146,C
X,41510,G
X,41710,T
X,42389,A
D,43722,-
X,44292,A
D,44881,-
D,44884,-
D,44894,-
D,45133,-
X,45142,T
D,45269,-
D,45754,-
D,45764,-
D,45768,-
D,45770,-
D,45779,-
D,46130,-
D,46144,-
D,46210,-
D,46331,-
D,46332,-
D,46384,-
D,46389,-
D,46394,-
D,46396,-
D,46399,-
D,46400,-
D,46402,-
D,46408,-
D,46490,-
D,46496,-
D,46505,-
D,46524,-
D,46609,-
D,46614,-
D,46615,-
D,46944,-
D,46945,-
D,47104,-
D,47115,-
D,47125,-
D,47127,-
D,47132,-
D,47133,-
D,47135,-
D,47139,-
D,47205,-
D,47207,-
D,47208,-
D,47220,-
D,47225,-
D,47443,-
D,47454,-
D,47699,-
D,47700,-
D,47701,-
D,47708,-
D,47711,-
D,47722,-
D,47726,-
D,47988,-
D,48218,-
D,48394,-
D,48403,-
D,48404,-
